1964;IV/A-00071-DECA;http://eur-lex.europa.eu/legal-content/DE/TXT/PDF/?uri=CELEX:31964D0599&from=EN;
1964;IV-A/00004-03344 «Grundig-Consten»;http://eur-lex.europa.eu/legal-content/DE/TXT/PDF/?uri=CELEX:31964D0566&from=EN;
1964;IV/A-00095;http://eur-lex.europa.eu/legal-content/DE/TXT/PDF/?uri=CELEX:31964D0502&from=EN;
1964;IV-A/12.868;http://eur-lex.europa.eu/legal-content/DE/TXT/PDF/?uri=CELEX:31964D0344&from=EN;
1964;IV/A-00061 - Grosfillex-Fillistorf;http://eur-lex.europa.eu/legal-content/DE/TXT/PDF/?uri=CELEX:31964D0233&from=EN;
1965;IV/A-22491 "Maison Jallatte S.A. - Hans Voss KG", "Maison Jallatte S.A. - S.A. Ets Vandeputte";http://eur-lex.europa.eu/legal-content/DE/TXT/PDF/?uri=CELEX:31966D0005&from=EN;
1965;IV/A-02702 Hummel-Isbecque;http://eur-lex.europa.eu/legal-content/DE/TXT/PDF/?uri=CELEX:31965D0426&from=EN;
1965;IV/A-03036 D.R.U. - Blondel;http://eur-lex.europa.eu/legal-content/DE/TXT/PDF/?uri=CELEX:31965D0366&from=EN;
1967;IV/223 - Transocean Marine Paint Association;http://eur-lex.europa.eu/legal-content/DE/TXT/PDF/?uri=CELEX:31967D0454&from=EN;
1968;IV/666 - C.F.A.;http://eur-lex.europa.eu/legal-content/DE/TXT/PDF/?uri=CELEX:31968D0377&from=EN;
1968;IV/565 - Cobelaz - usines de synthèse;http://eur-lex.europa.eu/legal-content/DE/TXT/PDF/?uri=CELEX:31968D0374&from=EN;
1968;IV/507 - Cobelaz - cokeries;http://eur-lex.europa.eu/legal-content/DE/TXT/PDF/?uri=CELEX:31968D0375&from=EN;
1968;IV/23077 - Rieckermann / AEG-Elotherm;http://eur-lex.europa.eu/legal-content/DE/TXT/PDF/?uri=CELEX:31968D0376&from=EN;
1968;IV/26045 - A.C.E.C. - Berliet;http://eur-lex.europa.eu/legal-content/DE/TXT/PDF/?uri=CELEX:31968D0319&from=EN;
1968;IV/25140 - Alliance de constructeurs français de machines-outils;http://eur-lex.europa.eu/legal-content/DE/TXT/PDF/?uri=CELEX:31968D0317&from=EN;
1968;IV/129 - S.O.C.E.M.A.S.;http://eur-lex.europa.eu/legal-content/DE/TXT/PDF/?uri=CELEX:31968D0318&from=EN;
1968;IV/26.352;http://eur-lex.europa.eu/legal-content/DE/TXT/PDF/?uri=CELEX:31968D0128&from=EN;
1969;IV/24.470 - Pirelli S.p.A. - Società Italiana Dunlop S.p.A.;http://eur-lex.europa.eu/legal-content/DE/TXT/PDF/?uri=CELEX:31969D0477&from=EN;
1969;IV/26.267 - Matières colorantes;http://eur-lex.europa.eu/legal-content/DE/TXT/PDF/?uri=CELEX:31969D0243&from=EN;
1969;IV/26.625 - Clima Chappée-Buderus;http://eur-lex.europa.eu/legal-content/DE/TXT/PDF/?uri=CELEX:31969D0241&from=EN;
1969;IV/26.437 - Jaz-Peter;http://eur-lex.europa.eu/legal-content/DE/TXT/PDF/?uri=CELEX:31969D0242&from=EN;
1969;IV/26.623 - Entente internationale de la quinine;http://eur-lex.europa.eu/legal-content/DE/TXT/PDF/?uri=CELEX:31969D0240&from=EN;
1969;IV/704-25.410 - SEIFA;http://eur-lex.europa.eu/legal-content/DE/TXT/PDF/?uri=CELEX:31969D0216&from=EN;
1969;IV/597 - V.V.V.F.;http://eur-lex.europa.eu/legal-content/DE/TXT/PDF/?uri=CELEX:31969D0202&from=EN;
1969;affaire IV/22548 - Christiani & Nielsen;http://eur-lex.europa.eu/legal-content/DE/TXT/PDF/?uri=CELEX:31969D0195&from=EN;
1969;IV/242 - 295 - Convention chaufourniers;http://eur-lex.europa.eu/legal-content/DE/TXT/PDF/?uri=CELEX:31969D0152&from=EN;
1969;IV/93 - Exposition européenne de la machine-outil;http://eur-lex.europa.eu/legal-content/DE/TXT/PDF/?uri=CELEX:31969D0090&from=EN;
1970;IV/25107 - «Décision sur les rabais de la Communauté d'intérêts des fabricants allemands de carreaux céramiques de revêtement et de pavement»;http://eur-lex.europa.eu/legal-content/DE/TXT/PDF/?uri=CELEX:31971D0023&from=EN;
1970;IV/337 - Supexie;http://eur-lex.europa.eu/legal-content/DE/TXT/PDF/?uri=CELEX:31971D0022&from=EN;
1970;IV/128-1968 - Julien/Van Katwijk;http://eur-lex.europa.eu/legal-content/DE/TXT/PDF/?uri=CELEX:31970D0487&from=EN;
1970;IV/10.498, 11.546, 12.992, 17.394, 17.395, 17.971, 18.772, 18.888 et ex 3.213 - Omega;http://eur-lex.europa.eu/legal-content/DE/TXT/PDF/?uri=CELEX:31970D0488&from=EN;
1970;IV/299 - Association syndicale belge de la parfumerie (A.S.P.A.;http://eur-lex.europa.eu/legal-content/DE/TXT/PDF/?uri=CELEX:31970D0333&from=EN;
1970;IV/24055 - Kodak;http://eur-lex.europa.eu/legal-content/DE/TXT/PDF/?uri=CELEX:31970D0332&from=EN;
1970;IV/412 - A.S.B.L. pour la promotion du tube d'acier soudé électriquement;http://eur-lex.europa.eu/legal-content/DE/TXT/PDF/?uri=CELEX:31970D0346&from=EN;
1971;IV/26917 - Henkel/Colgate;http://eur-lex.europa.eu/legal-content/DE/TXT/PDF/?uri=CELEX:31972D0041&from=EN;
1971;IV/595 - Nederlandse Cement- Handelmaatschappij NV;http://eur-lex.europa.eu/legal-content/DE/TXT/PDF/?uri=CELEX:31972D0068&from=EN;
1971;IV/5 400 - Burroughs-Delplanque;http://eur-lex.europa.eu/legal-content/DE/TXT/PDF/?uri=CELEX:31972D0025&from=EN;
1971;IV/5 405 - Burroughs/Geha-Werke;http://eur-lex.europa.eu/legal-content/DE/TXT/PDF/?uri=CELEX:31972D0026&from=EN;
1971;IV/26 418 - Sopelem/Langen;http://eur-lex.europa.eu/legal-content/DE/TXT/PDF/?uri=CELEX:31972D0024&from=EN;
1971;IV/23 514 - SAFCO;http://eur-lex.europa.eu/legal-content/DE/TXT/PDF/?uri=CELEX:31972D0023&from=EN;
1971;IV/324 - Vereeniging van Cementhandelaren;http://eur-lex.europa.eu/legal-content/DE/TXT/PDF/?uri=CELEX:31972D0022&from=EN;
1971;IV/26 811 - Continental Can Company;http://eur-lex.europa.eu/legal-content/DE/TXT/PDF/?uri=CELEX:31972D0021&from=EN;
1971;IV/26.945 - Boehringer;http://eur-lex.europa.eu/legal-content/DE/TXT/PDF/?uri=CELEX:31971D0400&from=EN;
1971;IV/26909-S.I.A.E.;http://eur-lex.europa.eu/legal-content/DE/TXT/PDF/?uri=CELEX:31971D0375&from=EN;
1971;IV/181 - CEMATEX;http://eur-lex.europa.eu/legal-content/DE/TXT/PDF/?uri=CELEX:31971D0337&from=EN;
1971;affaire IV/AF 239;http://eur-lex.europa.eu/legal-content/DE/TXT/PDF/?uri=CELEX:31971D0268&from=EN;
1971;Le texte en langue française est le seul faisant foi;http://eur-lex.europa.eu/legal-content/DE/TXT/PDF/?uri=CELEX:31971D0257&from=EN;
1971;Le texte en langue néerlandaise est le seul faisant foi;http://eur-lex.europa.eu/legal-content/DE/TXT/PDF/?uri=CELEX:31971D0259&from=EN;
1971;Le texte en langue française est le seul faisant foi;http://eur-lex.europa.eu/legal-content/DE/TXT/PDF/?uri=CELEX:31971D0258&from=EN;
1971;IV/26 760 - GEMA;http://eur-lex.europa.eu/legal-content/DE/TXT/PDF/?uri=CELEX:31971D0224&from=EN;
1971;IV/26 624 - FN-CF;http://eur-lex.europa.eu/legal-content/DE/TXT/PDF/?uri=CELEX:31971D0222&from=EN;
1971;affaire IV/26792 - C.I.C.G. - ZVEI/ZPÜ;http://eur-lex.europa.eu/legal-content/DE/TXT/PDF/?uri=CELEX:31971D0085&from=EN;
1972;IV/243, 244, 245 - Cimbel;http://eur-lex.europa.eu/legal-content/DE/TXT/PDF/?uri=CELEX:31972D0474&from=EN;
1972;IV/89-26349 - «Décisions de l'association GISA»;http://eur-lex.europa.eu/legal-content/DE/TXT/PDF/?uri=CELEX:31972D0478&from=EN;
1972;IV/26.992 - WEA-Filipacchi Music SA;http://eur-lex.europa.eu/legal-content/DE/TXT/PDF/?uri=CELEX:31972D0480&from=EN;
1972;IV/581 - Cementregeling voor Nederland - 1971;http://eur-lex.europa.eu/legal-content/DE/TXT/PDF/?uri=CELEX:31972D0468&from=EN;
1972;IV/26.911 - ZOJA/CSC - ICI;http://eur-lex.europa.eu/legal-content/DE/TXT/PDF/?uri=CELEX:31972D0457&from=EN;
1972;IV/26894 - Pittsburgh Corning Europe - Formica Belgium - Hertel, IV/26876 et 26892;http://eur-lex.europa.eu/legal-content/DE/TXT/PDF/?uri=CELEX:31972D0403&from=EN;
1972;IV/496-498-532-511-26238-26577 - «Chauffage central»;http://eur-lex.europa.eu/legal-content/DE/TXT/PDF/?uri=CELEX:31972D0390&from=EN;
1972;IV/24 171 - Misal;http://eur-lex.europa.eu/legal-content/DE/TXT/PDF/?uri=CELEX:31972D0397&from=EN;
1972;IV/8 818 et 8 822 - Rodenstock;http://eur-lex.europa.eu/legal-content/DE/TXT/PDF/?uri=CELEX:31972D0396&from=EN;
1972;IV/642 - Papier mince;http://eur-lex.europa.eu/legal-content/DE/TXT/PDF/?uri=CELEX:31972D0291&from=EN;
1972;IV/26.760 - GEMA;http://eur-lex.europa.eu/legal-content/DE/TXT/PDF/?uri=CELEX:31972D0268&from=EN;
1972;IV/17.545, 6.964, 26.858, 26.890, 18.673, 17.448 - Davidson Rubber Co.;http://eur-lex.europa.eu/legal-content/DE/TXT/PDF/?uri=CELEX:31972D0237&from=EN;
1972;IV/26.813 - Raymond-Nagoya;http://eur-lex.europa.eu/legal-content/DE/TXT/PDF/?uri=CELEX:31972D0238&from=EN;
1972;IV/26.844 - Wild - Leitz;http://eur-lex.europa.eu/legal-content/DE/TXT/PDF/?uri=CELEX:31972D0128&from=EN;
1972;IV/26612 - MAN/SAVIEM;http://eur-lex.europa.eu/legal-content/DE/TXT/PDF/?uri=CELEX:31972D0088&from=EN;
1973;IV/795 - Kali und Salz/Kali Chemie;http://eur-lex.europa.eu/legal-content/EN/TXT/PDF/?uri=CELEX:31974D0017&from=EN;
1973;IV/223 - Transocean Marine Paint Association;http://eur-lex.europa.eu/legal-content/EN/TXT/PDF/?uri=CELEX:31974D0016&from=EN;
1973;IV/26.825 - PRYM-BEKA;http://eur-lex.europa.eu/legal-content/EN/TXT/PDF/?uri=CELEX:31973D0323&from=EN;
1973;IV/27.010 - Deutsche Philips GmbH;http://eur-lex.europa.eu/legal-content/EN/TXT/PDF/?uri=CELEX:31973D0322&from=EN;
1973;IV/25.963 'Gas water-heaters and bath-heaters';http://eur-lex.europa.eu/legal-content/EN/TXT/PDF/?uri=CELEX:31973D0232&from=EN;
1973;IV/14.111 - Du Pont De Nemours Deutschland;http://eur-lex.europa.eu/legal-content/EN/TXT/PDF/?uri=CELEX:31973D0196&from=EN;
1973;IV/791 - Société Commerciale des Potasses et de l'Azote (SCPA;http://eur-lex.europa.eu/legal-content/EN/TXT/PDF/?uri=CELEX:31973D0212&from=EN;
1973;IV/26 918 - European sugar industry;http://eur-lex.europa.eu/legal-content/EN/TXT/PDF/?uri=CELEX:31973D0109&from=EN;
1974;IV/26.603 - Rank/Sopelem;http://eur-lex.europa.eu/legal-content/EN/TXT/PDF/?uri=CELEX:31975D0076&from=EN;
1974;IV/26.872 - SHV/Chevron;http://eur-lex.europa.eu/legal-content/EN/TXT/PDF/?uri=CELEX:31975D0095&from=EN;
1974;IV/560 - Duro-Dyne - Europair;http://eur-lex.europa.eu/legal-content/EN/TXT/PDF/?uri=CELEX:31975D0074&from=EN;
1974;IV/28.851 - General Motors Continental;http://eur-lex.europa.eu/legal-content/EN/TXT/PDF/?uri=CELEX:31975D0075&from=EN;
1974;IV/23.013 - Goodyear Italiana-Euram;http://eur-lex.europa.eu/legal-content/EN/TXT/PDF/?uri=CELEX:31975D0094&from=EN;
1974;IV/14.650 - Bayerische Motoren Werke AG;http://eur-lex.europa.eu/legal-content/EN/TXT/PDF/?uri=CELEX:31975D0073&from=EN;
1974;IV/27.095 - Franco-Japanese ball- bearings agreement;http://eur-lex.europa.eu/legal-content/EN/TXT/PDF/?uri=CELEX:31974D0634&from=EN;
1974;IV/26.602 - FRUBO;http://eur-lex.europa.eu/legal-content/EN/TXT/PDF/?uri=CELEX:31974D0433&from=EN;
1974;IV/28.374 - Advocaat Zwarte Kip;http://eur-lex.europa.eu/legal-content/EN/TXT/PDF/?uri=CELEX:31974D0432&from=EN;
1974;IV/426 - Papiers peints de Belgique;http://eur-lex.europa.eu/legal-content/EN/TXT/PDF/?uri=CELEX:31974D0431&from=EN;
1974;IV/400 - Agreements between manufacturers of glass containers;http://eur-lex.europa.eu/legal-content/EN/TXT/PDF/?uri=CELEX:31974D0292&from=EN;
1975;IV/26.940/b - KEWA;http://eur-lex.europa.eu/legal-content/EN/TXT/PDF/?uri=CELEX:31976D0249&from=EN;
1975;IV/26.940/a- United Reprocessors GmbH;http://eur-lex.europa.eu/legal-content/EN/TXT/PDF/?uri=CELEX:31976D0248&from=EN;
1975;IV/26699 - Chiquita;http://eur-lex.europa.eu/legal-content/EN/TXT/PDF/?uri=CELEX:31976D0353&from=EN;
1975;IV/27.073 - Bayer/Gist-Brocades;http://eur-lex.europa.eu/legal-content/EN/TXT/PDF/?uri=CELEX:31976D0172&from=EN;
1975;IV/847 - SABA;http://eur-lex.europa.eu/legal-content/EN/TXT/PDF/?uri=CELEX:31976D0159&from=EN;
1975;IV/26.949 - AOIP/Beyrard;http://eur-lex.europa.eu/legal-content/EN/TXT/PDF/?uri=CELEX:31976D0029&from=EN;
1975;IV/256 - Bomée-Stichting;http://eur-lex.europa.eu/legal-content/EN/TXT/PDF/?uri=CELEX:31975D0781&from=EN;
1975;IV/223 - Transocean Marine Paint Association;http://eur-lex.europa.eu/legal-content/EN/TXT/PDF/?uri=CELEX:31975D0649&from=EN;
1975;IV/28.967 - Bronbemaling/Heidemaatschappij;http://eur-lex.europa.eu/legal-content/EN/TXT/PDF/?uri=CELEX:31975D0570&from=EN;
1975;IV/21.353 - Kabelmetal-Luchaire;http://eur-lex.europa.eu/legal-content/EN/TXT/PDF/?uri=CELEX:31975D0494&from=EN;
1975;IV/28.775 - UNIDI;http://eur-lex.europa.eu/legal-content/EN/TXT/PDF/?uri=CELEX:31975D0498&from=EN;
1975;IV/27.000 - IFTRA rules for producers of virgin aluminium;http://eur-lex.europa.eu/legal-content/EN/TXT/PDF/?uri=CELEX:31975D0497&from=EN;
1975;IV/28.838 - INTERGROUP;http://eur-lex.europa.eu/legal-content/EN/TXT/PDF/?uri=CELEX:31975D0482&from=EN;
1975;IV/712 - Stoves and Heaters;http://eur-lex.europa.eu/legal-content/EN/TXT/PDF/?uri=CELEX:31975D0358&from=EN;
1975;IV/27.879 - Sirdar-Phildar;http://eur-lex.europa.eu/legal-content/EN/TXT/PDF/?uri=CELEX:31975D0297&from=EN;
1975;IV/27.039 - preserved mushrooms;http://eur-lex.europa.eu/legal-content/EN/TXT/PDF/?uri=CELEX:31975D0077&from=EN;
1976;IV/24.510 - GERO-fabriek;http://eur-lex.europa.eu/legal-content/EN/TXT/PDF/?uri=CELEX:31977D0066&from=EN;
1976;IV/5715 - Junghans;http://eur-lex.europa.eu/legal-content/EN/TXT/PDF/?uri=CELEX:31977D0100&from=EN;
1976;IV/28.812 Theal/Watts;http://eur-lex.europa.eu/legal-content/EN/TXT/PDF/?uri=CELEX:31977D0129&from=EN;
1976;IV/29.018 - Miller International Schallplatten GmbH;http://eur-lex.europa.eu/legal-content/EN/TXT/PDF/?uri=CELEX:31976D0915&from=EN;
1976;IV/28.980 - Pabst & Richarz/BNIA;http://eur-lex.europa.eu/legal-content/EN/TXT/PDF/?uri=CELEX:31976D0684&from=EN;
1976;IV/28.996 - Reuter/BASF;http://eur-lex.europa.eu/legal-content/EN/TXT/PDF/?uri=CELEX:31976D0743&from=EN;
1976;IV/26.186 - CSV;http://eur-lex.europa.eu/legal-content/EN/TXT/PDF/?uri=CELEX:31976D0593&from=EN;
1976;IV/29.020 - Vitamins;http://eur-lex.europa.eu/legal-content/EN/TXT/PDF/?uri=CELEX:31976D0642&from=EN;
1977;IV/29.146 - BMW Belgium NV and Belgian BMW dealers;http://eur-lex.europa.eu/legal-content/EN/TXT/PDF/?uri=CELEX:31978D0155&from=EN;
1977;IV/171, IV/856, IV/172, IV/117, IV/28.173 - Campari;http://eur-lex.europa.eu/legal-content/EN/TXT/PDF/?uri=CELEX:31978D0253&from=EN;
1977;IV/26.437 - Jaz-Peter;http://eur-lex.europa.eu/legal-content/EN/TXT/PDF/?uri=CELEX:31978D0194&from=EN;
1977;IV/29.246 - Penneys;http://eur-lex.europa.eu/legal-content/EN/TXT/PDF/?uri=CELEX:31978D0193&from=EN;
1977;IV/29.176 - Vegetable parchment;http://eur-lex.europa.eu/legal-content/EN/TXT/PDF/?uri=CELEX:31978D0252&from=EN;
1977;IV/29.236 - Sopelem/Vickers;http://eur-lex.europa.eu/legal-content/EN/TXT/PDF/?uri=CELEX:31978D0251&from=EN;
1977;IV/29.418 - spices;http://eur-lex.europa.eu/legal-content/EN/TXT/PDF/?uri=CELEX:31978D0172&from=EN;
1977;IV/28.282: The Distillers Company Limited, Conditions of Sale and Price Terms;http://eur-lex.europa.eu/legal-content/EN/TXT/PDF/?uri=CELEX:31978D0163&from=EN;
1977;IV/29.151 - Video cassette recorders;http://eur-lex.europa.eu/legal-content/EN/TXT/PDF/?uri=CELEX:31978D0156&from=EN;
1977;IV/29.132 - Hugin/Liptons;http://eur-lex.europa.eu/legal-content/EN/TXT/PDF/?uri=CELEX:31978D0068&from=EN;
1977;3;http://eur-lex.europa.eu/legal-content/EN/TXT/PDF/?uri=CELEX:31978D0024&from=EN;
1977;IV/28.948 - Cauliflowers;http://eur-lex.europa.eu/legal-content/EN/TXT/PDF/?uri=CELEX:31978D0066&from=EN;
1977;IV/147 - (Only the Dutch text is authentic;http://eur-lex.europa.eu/legal-content/EN/TXT/PDF/?uri=CELEX:31978D0059&from=EN;
1977;IV/29.428: GEC-Weir Sodium Circulators;http://eur-lex.europa.eu/legal-content/EN/TXT/PDF/?uri=CELEX:31977D0781&from=EN;
1977;IV/417-BPICA;http://eur-lex.europa.eu/legal-content/EN/TXT/PDF/?uri=CELEX:31977D0722&from=EN;
1977;IV/312-366 - COBELPA/VNP;http://eur-lex.europa.eu/legal-content/EN/TXT/PDF/?uri=CELEX:31977D0592&from=EN;
1977;IV/27.093: De Laval-Stork;http://eur-lex.europa.eu/legal-content/EN/TXT/PDF/?uri=CELEX:31977D0543&from=EN;
1977;IV/28.841 - ABG/Oil companies operating in the Netherlands;http://eur-lex.europa.eu/legal-content/EN/TXT/PDF/?uri=CELEX:31977D0327&from=EN;
1977;IV/27.442 - Vacuum Interrupters Ltd;http://eur-lex.europa.eu/legal-content/EN/TXT/PDF/?uri=CELEX:31977D0160&from=EN;
1978;IV/29.430 - Kawasaki;http://eur-lex.europa.eu/legal-content/EN/TXT/PDF/?uri=CELEX:31979D0068&from=EN;
1978;IV/29.535 - white lead;http://eur-lex.europa.eu/legal-content/EN/TXT/PDF/?uri=CELEX:31979D0090&from=EN;
1978;IV/93 - EMO;http://eur-lex.europa.eu/legal-content/EN/TXT/PDF/?uri=CELEX:31979D0037&from=EN;
1978;IV/1.576 - Zanussi;http://eur-lex.europa.eu/legal-content/EN/TXT/PDF/?uri=CELEX:31978D0922&from=EN;
1978;IV/29.133 - WANO Schwarzpulver;http://eur-lex.europa.eu/legal-content/EN/TXT/PDF/?uri=CELEX:31978D0921&from=EN;
1978;IV/28.824 - Breeders' rights - maize seed;http://eur-lex.europa.eu/legal-content/EN/TXT/PDF/?uri=CELEX:31978D0823&from=EN;
1978;IV/29.440: Arthur Bell and Sons Ltd - conditions of sale;http://eur-lex.europa.eu/legal-content/EN/TXT/PDF/?uri=CELEX:31978D0696&from=EN;
1978;IV/28.859: Wm. Teacher and Sons Ltd - conditions of sale;http://eur-lex.europa.eu/legal-content/EN/TXT/PDF/?uri=CELEX:31978D0697&from=EN;
1978;IV/26.186 - Centraal Stikstof Verkoopkantoor;http://eur-lex.europa.eu/legal-content/EN/TXT/PDF/?uri=CELEX:31978D0732&from=EN;
1978;IV/28.852 - GB-Inno-BM/Fedetab+ IV/29.127 - Mestdagh- Huyghebaert/Fedetab, IV/29.149 - Fedetab Recommendation;http://eur-lex.europa.eu/legal-content/EN/TXT/PDF/?uri=CELEX:31978D0670&from=EN;
1978;IV/29.453 - SNPE-LEL;http://eur-lex.europa.eu/legal-content/EN/TXT/PDF/?uri=CELEX:31978D0571&from=EN;
1978;IV/29.559 - RAI/UNITEL;http://eur-lex.europa.eu/legal-content/EN/TXT/PDF/?uri=CELEX:31978D0516&from=EN;
1979;Only the Italian text is authentic;http://eur-lex.europa.eu/legal-content/EN/TXT/PDF/?uri=CELEX:31980D0335&from=EN;
1979;Only the Italian text is authentic;http://eur-lex.europa.eu/legal-content/EN/TXT/PDF/?uri=CELEX:31980D0334&from=EN;
1979;IV/29.595 - Pioneer Hi-Fi Equipment;http://eur-lex.europa.eu/legal-content/EN/TXT/PDF/?uri=CELEX:31980D0256&from=EN;
1979;IV/223 - Transocean Marine Paint Association;http://eur-lex.europa.eu/legal-content/EN/TXT/PDF/?uri=CELEX:31980D0184&from=EN;
1979;Cane Sugar Supply Agreements;http://eur-lex.europa.eu/legal-content/EN/TXT/PDF/?uri=CELEX:31980D0183&from=EN;
1979;IV/29.011 - Rennet;http://eur-lex.europa.eu/legal-content/EN/TXT/PDF/?uri=CELEX:31980D0234&from=EN;
1979;IV/29.672-Floral;http://eur-lex.europa.eu/legal-content/EN/TXT/PDF/?uri=CELEX:31980D0182&from=EN;
1979;IV/29.021 - BP Kemi - DDSF;http://eur-lex.europa.eu/legal-content/EN/TXT/PDF/?uri=CELEX:31979D0934&from=EN;
1979;3;http://eur-lex.europa.eu/legal-content/EN/TXT/PDF/?uri=CELEX:31979D0670&from=EN;
1979;3;http://eur-lex.europa.eu/legal-content/EN/TXT/PDF/?uri=CELEX:31979D0253&from=EN;
1979;IV/28.796 - Beecham/Parke, Davis;http://eur-lex.europa.eu/legal-content/EN/TXT/PDF/?uri=CELEX:31979D0298&from=EN;
1979;IV/C-29.290 Vaessen/Moris;http://eur-lex.europa.eu/legal-content/EN/TXT/PDF/?uri=CELEX:31979D0086&from=EN;
1980;IV/29.869 - Italian cast glass;http://eur-lex.europa.eu/legal-content/EN/TXT/PDF/?uri=CELEX:31980D1334&from=EN;
1980;IV/26.912 - Hennessy-Henkell;http://eur-lex.europa.eu/legal-content/EN/TXT/PDF/?uri=CELEX:31980D1333&from=EN;
1980;IV/27.442 - Vacuum Interrupters Ltd;http://eur-lex.europa.eu/legal-content/EN/TXT/PDF/?uri=CELEX:31980D1332&from=EN;
1980;IV/29.702: Johnson & Johnson;http://eur-lex.europa.eu/legal-content/EN/TXT/PDF/?uri=CELEX:31980D1283&from=EN;
1980;IV/197 - Industrieverband Solnhofener Natursteinplatten eV;http://eur-lex.europa.eu/legal-content/EN/TXT/PDF/?uri=CELEX:31980D1074&from=EN;
1980;IV/25.077-IMA Rules;http://eur-lex.europa.eu/legal-content/EN/TXT/PDF/?uri=CELEX:31980D1071&from=EN;
1980;IV/26.528 - The Distillers Co. Ltd - Victuallers;http://eur-lex.europa.eu/legal-content/EN/TXT/PDF/?uri=CELEX:31980D0789&from=EN;
1980;IV/27.958 National Sulphuric Acid Association;http://eur-lex.europa.eu/legal-content/EN/TXT/PDF/?uri=CELEX:31980D0917&from=EN;
1980;IV/28.553 - Krups;http://eur-lex.europa.eu/legal-content/EN/TXT/PDF/?uri=CELEX:31980D0489&from=EN;
1981;IV/29.995 - NAVEWA-ANSEAU;http://eur-lex.europa.eu/legal-content/EN/TXT/PDF/?uri=CELEX:31982D0371&from=EN;
1981;IV/AF 512 - SA National Panasonic (Belgium;http://eur-lex.europa.eu/legal-content/EN/TXT/PDF/?uri=CELEX:31982D0260&from=EN;
1981;IV/AF 511 - National Panasonic (France;http://eur-lex.europa.eu/legal-content/EN/TXT/PDF/?uri=CELEX:31982D0465&from=EN;
1981;IV/30.307 - Fire insurance (D;http://eur-lex.europa.eu/legal-content/EN/TXT/PDF/?uri=CELEX:31982D0174&from=EN;
1981;IV/29.971-GEMA statutes;http://eur-lex.europa.eu/legal-content/EN/TXT/PDF/?uri=CELEX:31982D0204&from=EN;
1981;IV/25.757 - Hasselblad;http://eur-lex.europa.eu/legal-content/EN/TXT/PDF/?uri=CELEX:31982D0367&from=EN;
1981;IV/30.188-Moët et Chandon (London;http://eur-lex.europa.eu/legal-content/EN/TXT/PDF/?uri=CELEX:31982D0203&from=EN;
1981;IV/29.236 - Sopelem-Vickers;http://eur-lex.europa.eu/legal-content/EN/TXT/PDF/?uri=CELEX:31981D1066&from=EN;
1981;IV/29.895 - Telos;http://eur-lex.europa.eu/legal-content/EN/TXT/PDF/?uri=CELEX:31982D0124&from=EN;
1981;IV/428 - VBBB/VBVB;http://eur-lex.europa.eu/legal-content/EN/TXT/PDF/?uri=CELEX:31982D0123&from=EN;
1981;IV/30.211 - Comptoir commercial d'importation;http://eur-lex.europa.eu/legal-content/EN/TXT/PDF/?uri=CELEX:31982D0053&from=EN;
1981;IV/29.972 - Langenscheidt/Hachette;http://eur-lex.europa.eu/legal-content/EN/TXT/PDF/?uri=CELEX:31982D0071&from=EN;
1981;IV/29.839 - GVL;http://eur-lex.europa.eu/legal-content/EN/TXT/PDF/?uri=CELEX:31981D1030&from=EN;
1981;IV.29.491 - Bandengroothandel Frieschebrug BV/NV Nederlandsche Banden-Industrie Michelin;http://eur-lex.europa.eu/legal-content/EN/TXT/PDF/?uri=CELEX:31981D0969&from=EN;
1981;IV.29.988 - Italian flat glass;http://eur-lex.europa.eu/legal-content/EN/TXT/PDF/?uri=CELEX:31981D0881&from=EN;
1982;IV/29.883 - AROW/BNIC;http://eur-lex.europa.eu/legal-content/EN/TXT/PDF/?uri=CELEX:31982D0896&from=EN;
1982;IV/C-30.128 - Toltecs-Dorcet;http://eur-lex.europa.eu/legal-content/EN/TXT/PDF/?uri=CELEX:31982D0897&from=EN;
1982;IV/29.629 - Rolled zinc products and zinc alloys;http://eur-lex.europa.eu/legal-content/EN/TXT/PDF/?uri=CELEX:31982D0866&from=EN;
1982;IV/29.877 - British Telecommunications;http://eur-lex.europa.eu/legal-content/EN/TXT/PDF/?uri=CELEX:31982D0861&from=EN;
1982;IV/30.077 - Cafeteros de Colombia;http://eur-lex.europa.eu/legal-content/EN/TXT/PDF/?uri=CELEX:31982D0860&from=EN;
1982;IV/30.070 - National Panasonic;http://eur-lex.europa.eu/legal-content/EN/TXT/PDF/?uri=CELEX:31982D0853&from=EN;
1982;IV/29.995 - NAVEWA/ANSEAU;http://eur-lex.europa.eu/legal-content/EN/TXT/PDF/?uri=CELEX:31982D0777&from=EN;
1982;IV/30.517 - Amersham Buchler;http://eur-lex.europa.eu/legal-content/EN/TXT/PDF/?uri=CELEX:31982D0742&from=EN;
1982;1;http://eur-lex.europa.eu/legal-content/EN/TXT/PDF/?uri=CELEX:31982D0756&from=EN;
1982;IV/30.696 - Distribution system of Ford Werke AG - interim measure;http://eur-lex.europa.eu/legal-content/EN/TXT/PDF/?uri=CELEX:31982D0628&from=EN;
1982;IV/29.525 and IV/30.000-SSI;http://eur-lex.europa.eu/legal-content/EN/TXT/PDF/?uri=CELEX:31982D0506&from=EN;
1982;IV/417-BPICA;http://eur-lex.europa.eu/legal-content/EN/TXT/PDF/?uri=CELEX:31982D0349&from=EN;
1982;IV/28.748 - AEG-Telefunken;http://eur-lex.europa.eu/legal-content/EN/TXT/PDF/?uri=CELEX:31982D0267&from=EN;
1983;IV/29.598 - SABA's EEC distribution system;http://eur-lex.europa.eu/legal-content/EN/TXT/PDF/?uri=CELEX:31983D0672&from=EN;
1983;IV/30.525 - International Energy Agency;http://eur-lex.europa.eu/legal-content/EN/TXT/PDF/?uri=CELEX:31983D0671&from=EN;
1983;IV/30.389 - Nutricia/de Rooij and IV/30.408 - Nutricia/Zuid-Hollandse Conservenfabriek;http://eur-lex.europa.eu/legal-content/EN/TXT/PDF/?uri=CELEX:31983D0670&from=EN;
1983;IV/29.955 - Carbon Gas Technologie;http://eur-lex.europa.eu/legal-content/EN/TXT/PDF/?uri=CELEX:31983D0669&from=EN;
1983;IV/30.099 - Schlegel/CPIO;http://eur-lex.europa.eu/legal-content/EN/TXT/PDF/?uri=CELEX:31983D0622&from=EN;
1983;IV/30.671 - IPTC Belgium;http://eur-lex.europa.eu/legal-content/EN/TXT/PDF/?uri=CELEX:31983D0667&from=EN;
1983;IV/30.668 - Murat;http://eur-lex.europa.eu/legal-content/EN/TXT/PDF/?uri=CELEX:31983D0610&from=EN;
1983;IV/27.492 - SMM & T Exhibition Agreement;http://eur-lex.europa.eu/legal-content/EN/TXT/PDF/?uri=CELEX:31983D0666&from=EN;
1983;IV/29.329 - VW-MAN;http://eur-lex.europa.eu/legal-content/EN/TXT/PDF/?uri=CELEX:31983D0668&from=EN;
1983;IV/30.696 - Distribution system of Ford Werke AG;http://eur-lex.europa.eu/legal-content/EN/TXT/PDF/?uri=CELEX:31983D0560&from=EN;
1983;IV/30.064 - Cast iron and steel rolls;http://eur-lex.europa.eu/legal-content/EN/TXT/PDF/?uri=CELEX:31983D0546&from=EN;
1983;IV/30.698 - ECS/AKZO: interim measures;http://eur-lex.europa.eu/legal-content/EN/TXT/PDF/?uri=CELEX:31983D0462&from=EN;
1983;IV/30.437 - Rockwell/Iveco;http://eur-lex.europa.eu/legal-content/EN/TXT/PDF/?uri=CELEX:31983D0390&from=EN;
1983;IV/30.174 - Vimpoltu;http://eur-lex.europa.eu/legal-content/EN/TXT/PDF/?uri=CELEX:31983D0361&from=EN;
1983;IV/29.395 - Windsurfing International;http://eur-lex.europa.eu/legal-content/EN/TXT/PDF/?uri=CELEX:31983D0400&from=EN;
1983;IV/181 - Cematex;http://eur-lex.europa.eu/legal-content/EN/TXT/PDF/?uri=CELEX:31983D0252&from=EN;
1983;IV/30.735 - Deutsche Castrol Vertriebsgesellschaft mbH;http://eur-lex.europa.eu/legal-content/EN/TXT/PDF/?uri=CELEX:31983D0205&from=EN;
1984;IV/26.870 - Aluminium imports from eastern Europe;http://eur-lex.europa.eu/legal-content/EN/TXT/PDF/?uri=CELEX:31985D0206&from=EN;
1984;IV/29.725 - Wood pulp;http://eur-lex.europa.eu/legal-content/EN/TXT/PDF/?uri=CELEX:31985D0202&from=EN;
1984;IV/30.809 - John Deere;http://eur-lex.europa.eu/legal-content/EN/TXT/PDF/?uri=CELEX:31985D0079&from=EN;
1984;IV/30.666 - Mecaniver-PPG;http://eur-lex.europa.eu/legal-content/EN/TXT/PDF/?uri=CELEX:31985D0078&from=EN;
1984;IV/30.717 - Uniform Eurocheques;http://eur-lex.europa.eu/legal-content/EN/TXT/PDF/?uri=CELEX:31985D0077&from=EN;
1984;IV/30.299 - Grohe's distribution system;http://eur-lex.europa.eu/legal-content/EN/TXT/PDF/?uri=CELEX:31985D0044&from=EN;
1984;IV/30.261 - Ideal-Standard's distribution system;http://eur-lex.europa.eu/legal-content/EN/TXT/PDF/?uri=CELEX:31985D0045&from=EN;
1984;IV/28.930 - Milchförderungsfonds;http://eur-lex.europa.eu/legal-content/EN/TXT/PDF/?uri=CELEX:31985D0076&from=EN;
1984;IV/30.307 - Fire insurance (D;http://eur-lex.europa.eu/legal-content/EN/TXT/PDF/?uri=CELEX:31985D0075&from=EN;
1984;IV/30.907 - Peroxygen products;http://eur-lex.europa.eu/legal-content/EN/TXT/PDF/?uri=CELEX:31985D0074&from=EN;
1984;IV/28.775 - UNIDI;http://eur-lex.europa.eu/legal-content/EN/TXT/PDF/?uri=CELEX:31984D0588&from=EN;
1984;IV/30.350 - zinc producer group;http://eur-lex.europa.eu/legal-content/EN/TXT/PDF/?uri=CELEX:31984D0405&from=EN;
1984;IV/30.988 - Agreements and concerted practices in the flat-glass sector in the Benelux countries;http://eur-lex.europa.eu/legal-content/EN/TXT/PDF/?uri=CELEX:31984D0388&from=EN;
1984;IV/30.863 - BPCL/ICI;http://eur-lex.europa.eu/legal-content/EN/TXT/PDF/?uri=CELEX:31984D0387&from=EN;
1984;IV/30.129 - Carlsberg;http://eur-lex.europa.eu/legal-content/EN/TXT/PDF/?uri=CELEX:31984D0381&from=EN;
1984;IV/30.810 - Synthetic fibres;http://eur-lex.europa.eu/legal-content/EN/TXT/PDF/?uri=CELEX:31984D0380&from=EN;
1984;IV/30.615 - BL;http://eur-lex.europa.eu/legal-content/EN/TXT/PDF/?uri=CELEX:31984D0379&from=EN;
1984;IV/30.658 - Polistil/Arbois;http://eur-lex.europa.eu/legal-content/EN/TXT/PDF/?uri=CELEX:31984D0282&from=EN;
1984;IV/30.849 IBM personal computer;http://eur-lex.europa.eu/legal-content/EN/TXT/PDF/?uri=CELEX:31984D0233&from=EN;
1984;IV/30.804 - Nuovo CEGAM;http://eur-lex.europa.eu/legal-content/EN/TXT/PDF/?uri=CELEX:31984D0191&from=EN;
1985;IV/30.739 - Siemens/Fanuc;http://eur-lex.europa.eu/legal-content/EN/TXT/PDF/?uri=CELEX:31985D0618&from=EN;
1985;IV/30.373 - P & I clubs;http://eur-lex.europa.eu/legal-content/EN/TXT/PDF/?uri=CELEX:31985D0615&from=EN;
1985;IV/30.839 - Sperry New Holland;http://eur-lex.europa.eu/legal-content/EN/TXT/PDF/?uri=CELEX:31985D0617&from=EN;
1985;IV/30.665 - Villeroy & Boch;http://eur-lex.europa.eu/legal-content/EN/TXT/PDF/?uri=CELEX:31985D0616&from=EN;
1985;IV/30.698 - ECS/AKZO;http://eur-lex.europa.eu/legal-content/EN/TXT/PDF/?uri=CELEX:31985D0609&from=EN;
1985;IV/30.017 - Breeders' rights: roses;http://eur-lex.europa.eu/legal-content/EN/TXT/PDF/?uri=CELEX:31985D0561&from=EN;
1985;IV/27.592 - Coffee Terminal Market Association of London Limited;http://eur-lex.europa.eu/legal-content/EN/TXT/PDF/?uri=CELEX:31985D0565&from=EN;
1985;IV/27.591 - London Cocoa Terminal Market Association Limited;http://eur-lex.europa.eu/legal-content/EN/TXT/PDF/?uri=CELEX:31985D0564&from=EN;
1985;IV/27.590 - London Sugar Futures Market Limited;http://eur-lex.europa.eu/legal-content/EN/TXT/PDF/?uri=CELEX:31985D0563&from=EN;
1985;IV/30.570 etc. - Sole distribution agreements for whisky and gin;http://eur-lex.europa.eu/legal-content/EN/TXT/PDF/?uri=CELEX:31985D0562&from=EN;
1985;IV/30.971 - BP/Kellogg;http://eur-lex.europa.eu/legal-content/EN/TXT/PDF/?uri=CELEX:31985D0560&from=EN;
1985;IV/30.846 - Ivoclar;http://eur-lex.europa.eu/legal-content/EN/TXT/PDF/?uri=CELEX:31985D0559&from=EN;
1985;IV/4.204 Velcro/Aplix;http://eur-lex.europa.eu/legal-content/EN/TXT/PDF/?uri=CELEX:31985D0410&from=EN;
1985;EEC;http://eur-lex.europa.eu/legal-content/EN/TXT/PDF/?uri=CELEX:31985D0383&from=EN;
1985;IV/29.420 - Grundig' s EEC distribution system;http://eur-lex.europa.eu/legal-content/EN/TXT/PDF/?uri=CELEX:31985D0404&from=EN;
1985;5;http://eur-lex.europa.eu/legal-content/EN/TXT/PDF/?uri=CELEX:31985D0121&from=EN;
1986;IV/31.340 - Mitchell Cotts/Sofiltra;http://eur-lex.europa.eu/legal-content/EN/TXT/PDF/?uri=CELEX:31987D0100&from=EN;
1986;IV/30937 - Pronuptia;http://eur-lex.europa.eu/legal-content/EN/TXT/PDF/?uri=CELEX:31987D0017&from=EN;
1986;IV/31.428 to 31.432 - Yves Rocher;http://eur-lex.europa.eu/legal-content/EN/TXT/PDF/?uri=CELEX:31987D0014&from=EN;
1986;IV/31.302 - Boussois/Interpane;http://eur-lex.europa.eu/legal-content/EN/TXT/PDF/?uri=CELEX:31987D0123&from=EN;
1986;IV/31.458 - X/Open Group;http://eur-lex.europa.eu/legal-content/EN/TXT/PDF/?uri=CELEX:31987D0069&from=EN;
1986;IV/31.356 - ABI;http://eur-lex.europa.eu/legal-content/EN/TXT/PDF/?uri=CELEX:31987D0103&from=EN;
1986;IV/261-A - Belgische Vereniging der Banken/Association Belge des Banques;http://eur-lex.europa.eu/legal-content/EN/TXT/PDF/?uri=CELEX:31987D0013&from=EN;
1986;IV/29.036 - The GAFTA Soya Bean Meal Futures Association;http://eur-lex.europa.eu/legal-content/EN/TXT/PDF/?uri=CELEX:31987D0044&from=EN;
1986;IV/31.614 - The London Meat Futures Exchange Limited;http://eur-lex.europa.eu/legal-content/EN/TXT/PDF/?uri=CELEX:31987D0047&from=EN;
1986;IV/29.688 - The London Grain Futures Market;http://eur-lex.europa.eu/legal-content/EN/TXT/PDF/?uri=CELEX:31987D0045&from=EN;
1986;IV/30.176 - The London Potato Futures Association Limited;http://eur-lex.europa.eu/legal-content/EN/TXT/PDF/?uri=CELEX:31987D0046&from=EN;
1986;IV/31.055 - ENI/Montedison;http://eur-lex.europa.eu/legal-content/EN/TXT/PDF/?uri=CELEX:31987D0003&from=EN;
1986;IV/31.128 - Fatty Acids;http://eur-lex.europa.eu/legal-content/EN/TXT/PDF/?uri=CELEX:31987D0001&from=EN;
1986;IV/31.204 - MELDOC;http://eur-lex.europa.eu/legal-content/EN/TXT/PDF/?uri=CELEX:31986D0596&from=EN;
1986;IV/31.362 - Irish Banks' Standing Committee;http://eur-lex.europa.eu/legal-content/EN/TXT/PDF/?uri=CELEX:31986D0507&from=EN;
1986;IV/28.959 - VIFKA;http://eur-lex.europa.eu/legal-content/EN/TXT/PDF/?uri=CELEX:31986D0499&from=EN;
1986;IV/31.143 - Peugeot;http://eur-lex.europa.eu/legal-content/EN/TXT/PDF/?uri=CELEX:31986D0506&from=EN;
1986;IV/30.320 - optical fibres;http://eur-lex.europa.eu/legal-content/EN/TXT/PDF/?uri=CELEX:31986D0405&from=EN;
1986;IV/31.371 - Roofing felt;http://eur-lex.europa.eu/legal-content/EN/TXT/PDF/?uri=CELEX:31986D0399&from=EN;
1986;IV/31.149 - Polypropylene;http://eur-lex.europa.eu/legal-content/EN/TXT/PDF/?uri=CELEX:31986D0398&from=EN;
1987;IV/31.914 - ARG/Unipart (Only the English text is authentic;http://eur-lex.europa.eu/legal-content/EN/TXT/PDF/?uri=CELEX:31988D0084&from=EN;
1987;IV/27.093 - De Laval-Stork;http://eur-lex.europa.eu/legal-content/EN/TXT/PDF/?uri=CELEX:31988D0110&from=EN;
1987;IV/31.846 - Enichem/ICI;http://eur-lex.europa.eu/legal-content/EN/TXT/PDF/?uri=CELEX:31988D0087&from=EN;
1987;IV/30.787 and 31.488 - Eurofix-Bauco v. Hilti;http://eur-lex.europa.eu/legal-content/EN/TXT/PDF/?uri=CELEX:31988D0138&from=EN;
1987;IV/32.306 - Olivetti/Canon;http://eur-lex.europa.eu/legal-content/EN/TXT/PDF/?uri=CELEX:31988D0088&from=EN;
1987;IV/31.206 - Rich Products/Jus-rol;http://eur-lex.europa.eu/legal-content/EN/TXT/PDF/?uri=CELEX:31988D0143&from=EN;
1987;IV/31.017 - Fisher-Price/Quaker Oats Ltd - Toyco (Only the English text is authentic;http://eur-lex.europa.eu/legal-content/EN/TXT/PDF/?uri=CELEX:31988D0086&from=EN;
1987;IV/31.503 - Konica;http://eur-lex.europa.eu/legal-content/EN/TXT/PDF/?uri=CELEX:31988D0172&from=EN;
1987;IV/31.735 - New potatoes;http://eur-lex.europa.eu/legal-content/EN/TXT/PDF/?uri=CELEX:31988D0109&from=EN;
1987;IV/31.739 - Internationale Dentalschau;http://eur-lex.europa.eu/legal-content/EN/TXT/PDF/?uri=CELEX:31987D0509&from=EN;
1987;IV/32.279 - BBI/Boosey & Hawkes: Interim measures;http://eur-lex.europa.eu/legal-content/EN/TXT/PDF/?uri=CELEX:31987D0500&from=EN;
1987;IV/32.034 - Computerland;http://eur-lex.europa.eu/legal-content/EN/TXT/PDF/?uri=CELEX:31987D0407&from=EN;
1987;IV/31.741 - Sandoz;http://eur-lex.europa.eu/legal-content/EN/TXT/PDF/?uri=CELEX:31987D0409&from=EN;
1987;IV- 31.192 - Tipp-Ex;http://eur-lex.europa.eu/legal-content/EN/TXT/PDF/?uri=CELEX:31987D0406&from=EN;
1988;IV/30.979 and 31.394, Decca Navigator System;http://eur-lex.europa.eu/legal-content/EN/TXT/PDF/?uri=CELEX:31989D0113&from=EN;
1988;IV/31.866, LdPE;http://eur-lex.europa.eu/legal-content/EN/TXT/PDF/?uri=CELEX:31989D0191&from=EN;
1988;IV/31.851 - Magill TV Guide/ITP, BBC and RTE;http://eur-lex.europa.eu/legal-content/EN/TXT/PDF/?uri=CELEX:31989D0205&from=EN;
1988;IV/31.865, PVC;http://eur-lex.europa.eu/legal-content/EN/TXT/PDF/?uri=CELEX:31989D0190&from=EN;
1988;IV/00.093, EMO;http://eur-lex.europa.eu/legal-content/EN/TXT/PDF/?uri=CELEX:31989D0096&from=EN;
1988;IV/31.291, Uniform Eurocheques;http://eur-lex.europa.eu/legal-content/EN/TXT/PDF/?uri=CELEX:31989D0095&from=EN;
1988;IV/27.393 and IV/27.394, Publishers Association - Net Book Agreements;http://eur-lex.europa.eu/legal-content/EN/TXT/PDF/?uri=CELEX:31989D0044&from=EN;
1988;IV/31. 906, flat glass;http://eur-lex.europa.eu/legal-content/EN/TXT/PDF/?uri=CELEX:31989D0093&from=EN;
1988;IV/31.900, BPB Industries plc;http://eur-lex.europa.eu/legal-content/EN/TXT/PDF/?uri=CELEX:31989D0022&from=EN;
1988;IV/31.697, Charles Jourdan;http://eur-lex.europa.eu/legal-content/EN/TXT/PDF/?uri=CELEX:31989D0094&from=EN;
1988;IV/223, Transocean Marine Paint Association;http://eur-lex.europa.eu/legal-content/EN/TXT/PDF/?uri=CELEX:31988D0635&from=EN;
1988;IV/32.358 - ServiceMaster;http://eur-lex.europa.eu/legal-content/EN/TXT/PDF/?uri=CELEX:31988D0604&from=EN;
1988;IV/32.318, London European - Sabena;http://eur-lex.europa.eu/legal-content/EN/TXT/PDF/?uri=CELEX:31988D0589&from=EN;
1988;IV/B-2/31.424, Hudson's Bay-Dansk Pelsdyravlerforening;http://eur-lex.europa.eu/legal-content/EN/TXT/PDF/?uri=CELEX:31988D0587&from=EN;
1988;IV/32.437/8 - Eurotunnel;http://eur-lex.europa.eu/legal-content/EN/TXT/PDF/?uri=CELEX:31988D0568&from=EN;
1988;IV/31.498 - Delta Chemie/DDD;http://eur-lex.europa.eu/legal-content/EN/TXT/PDF/?uri=CELEX:31988D0563&from=EN;
1988;IV/32.368 - BBC Brown Boveri;http://eur-lex.europa.eu/legal-content/EN/TXT/PDF/?uri=CELEX:31988D0541&from=EN;
1988;Case No IV/32.173 - Continental/Michelin;http://eur-lex.europa.eu/legal-content/EN/TXT/PDF/?uri=CELEX:31988D0555&from=EN;
1988;IV/31.379 - Bloemenveilingen Aalsmeer;http://eur-lex.europa.eu/legal-content/EN/TXT/PDF/?uri=CELEX:31988D0491&from=EN;
1988;IV/31.043 - Tetra Pak I (BTG licence;http://eur-lex.europa.eu/legal-content/EN/TXT/PDF/?uri=CELEX:31988D0501&from=EN;
1988;IV/31.902 - IVECO/FORD;http://eur-lex.europa.eu/legal-content/EN/TXT/PDF/?uri=CELEX:31988D0469&from=EN;
1988;Case No IV/30.178 Napier Brown - British Sugar;http://eur-lex.europa.eu/legal-content/EN/TXT/PDF/?uri=CELEX:31988D0518&from=EN;
1988;IV/31.593 - British Dental Trade Association - BDTA;http://eur-lex.europa.eu/legal-content/EN/TXT/PDF/?uri=CELEX:31988D0477&from=EN;
1988;IV/32.075 - Bayer/BP Chemicals;http://eur-lex.europa.eu/legal-content/EN/TXT/PDF/?uri=CELEX:31988D0330&from=EN;
1989;IV/32.265 - Concordato Incendio;http://eur-lex.europa.eu/legal-content/EN/TXT/PDF/?uri=CELEX:31990D0025&from=EN;
1989;IV/32.408 - TEKO;http://eur-lex.europa.eu/legal-content/EN/TXT/PDF/?uri=CELEX:31990D0022&from=EN;
1989;IV/32.414 - Sugar beet;http://eur-lex.europa.eu/legal-content/EN/TXT/PDF/?uri=CELEX:31990D0045&from=EN;
1989;IV/32.202-APB;http://eur-lex.europa.eu/legal-content/EN/TXT/PDF/?uri=CELEX:31990D0033&from=EN;
1989;IV/32.026 - Bayo-n-ox;http://eur-lex.europa.eu/legal-content/EN/TXT/PDF/?uri=CELEX:31990D0038&from=EN;
1989;IV/31.734 - Film purchases by German television stations;http://eur-lex.europa.eu/legal-content/EN/TXT/PDF/?uri=CELEX:31989D0536&from=EN;
1989;IV/31.553 - Welded steel mesh;http://eur-lex.europa.eu/legal-content/EN/TXT/PDF/?uri=CELEX:31989D0515&from=EN;
1989;IV/31.499 - Dutch banks;http://eur-lex.europa.eu/legal-content/EN/TXT/PDF/?uri=CELEX:31989D0512&from=EN;
1989;IV/30.566 - UIP;http://eur-lex.europa.eu/legal-content/EN/TXT/PDF/?uri=CELEX:31989D0467&from=EN;
1989;IV/27.958 - National Sulphuric Acid Association;http://eur-lex.europa.eu/legal-content/EN/TXT/PDF/?uri=CELEX:31989D0408&from=EN;
1990;1;http://eur-lex.europa.eu/legal-content/EN/TXT/PDF/?uri=CELEX:31991D0301&from=EN;
1990;IV/32.595 - d'Ieteren motor oils;http://eur-lex.europa.eu/legal-content/EN/TXT/PDF/?uri=CELEX:31991D0039&from=EN;
1990;EEC;http://eur-lex.europa.eu/legal-content/EN/TXT/PDF/?uri=CELEX:31991D0055&from=EN;
1990;IV/33.133-D: Soda-ash - ICI;http://eur-lex.europa.eu/legal-content/EN/TXT/PDF/?uri=CELEX:31991D0300&from=EN;
1990;IV/33.133-C: Soda-ash - Solvay;http://eur-lex.europa.eu/legal-content/EN/TXT/PDF/?uri=CELEX:31991D0299&from=EN;
1990;IV/33.133-B: Soda-ash - Solvay, CFK;http://eur-lex.europa.eu/legal-content/EN/TXT/PDF/?uri=CELEX:31991D0298&from=EN;
1990;IV/33.133-A: Soda-ash - Solvay, ICI;http://eur-lex.europa.eu/legal-content/EN/TXT/PDF/?uri=CELEX:31991D0297&from=EN;
1990;Only the German, English and Italian texts are authentic;http://eur-lex.europa.eu/legal-content/EN/TXT/PDF/?uri=CELEX:31991D0038&from=EN;
1990;IV/32.877 - Bayer Dental;http://eur-lex.europa.eu/legal-content/EN/TXT/PDF/?uri=CELEX:31990D0645&from=EN;
1990;IV/32.681 - Cekacan;http://eur-lex.europa.eu/legal-content/EN/TXT/PDF/?uri=CELEX:31990D0535&from=EN;
1990;IV/32.688 - Konsortium ECR 900;http://eur-lex.europa.eu/legal-content/EN/TXT/PDF/?uri=CELEX:31990D0446&from=EN;
1990;IV/32.009 - Elopak/Metal Box - Odin;http://eur-lex.europa.eu/legal-content/EN/TXT/PDF/?uri=CELEX:31990D0410&from=EN;
1990;IV/32.846 - Metaleurop SA;http://eur-lex.europa.eu/legal-content/EN/TXT/PDF/?uri=CELEX:31990D0363&from=EN;
1990;IV/32.736 - Moosehead/Whitbread;http://eur-lex.europa.eu/legal-content/EN/TXT/PDF/?uri=CELEX:31990D0186&from=EN;
1990;IV/32.006 - Alcatel Espace/ANT Nachrichtentechnik;http://eur-lex.europa.eu/legal-content/EN/TXT/PDF/?uri=CELEX:31990D0046&from=EN;
1991;IV/33.242 - Yves Saint Laurent Parfums;http://eur-lex.europa.eu/legal-content/EN/TXT/PDF/?uri=CELEX:31992D0033&from=EN;
1991;Case IV/33.157 - Eco System/Peugeot;http://eur-lex.europa.eu/legal-content/EN/TXT/PDF/?uri=CELEX:31992D0154&from=EN;
1991;IV/32.737 - Eirpage;http://eur-lex.europa.eu/legal-content/EN/TXT/PDF/?uri=CELEX:31991D0562&from=EN;
1991;case No IV/32.659 IATA Passenger Agency Programme;http://eur-lex.europa.eu/legal-content/EN/TXT/PDF/?uri=CELEX:31991D0480&from=EN;
1991;IV/31043 - Tetra Pak II;http://eur-lex.europa.eu/legal-content/EN/TXT/PDF/?uri=CELEX:31992D0163&from=EN;
1991;Case No IV/32.879 - Viho/Toshiba;http://eur-lex.europa.eu/legal-content/EN/TXT/PDF/?uri=CELEX:31991D0532&from=EN;
1991;IV/32186 Gosme/Martell - DMP;http://eur-lex.europa.eu/legal-content/EN/TXT/PDF/?uri=CELEX:31991D0335&from=EN;
1991;IV/33.473 - Scottish Nuclear, Nuclear Energy Agreement;http://eur-lex.europa.eu/legal-content/EN/TXT/PDF/?uri=CELEX:31991D0329&from=EN;
1991;case No IV/32.792 - IATA Cargo Agency Programme;http://eur-lex.europa.eu/legal-content/EN/TXT/PDF/?uri=CELEX:31991D0481&from=EN;
1991;Case IV/33.300 - Baccarat;http://eur-lex.europa.eu/legal-content/EN/TXT/PDF/?uri=CELEX:31991D0213&from=EN;
1991;IV/32.524 - Screensport/EBU members;http://eur-lex.europa.eu/legal-content/EN/TXT/PDF/?uri=CELEX:31991D0130&from=EN;
1991;IV/31.559 - Sippa;http://eur-lex.europa.eu/legal-content/EN/TXT/PDF/?uri=CELEX:31991D0128&from=EN;
1991;IV/32.732 - IJsselcentrale and others;http://eur-lex.europa.eu/legal-content/EN/TXT/PDF/?uri=CELEX:31991D0050&from=EN;
1991;IV/31.624 - Vichy;http://eur-lex.europa.eu/legal-content/EN/TXT/PDF/?uri=CELEX:31991D0153&from=EN;
1992;IV/32.745 - Astra;http://eur-lex.europa.eu/legal-content/EN/TXT/PDF/?uri=CELEX:31993D0050&from=EN;
1992;IV/32.448 and IV/32.450: Cewal, Cowac and Ukwal;http://eur-lex.europa.eu/legal-content/EN/TXT/PDF/?uri=CELEX:31993D0082&from=EN;
1992;IV/33.814 - Ford Volkswagen;http://eur-lex.europa.eu/legal-content/EN/TXT/PDF/?uri=CELEX:31993D0049&from=EN;
1992;Case IV/34.072;http://eur-lex.europa.eu/legal-content/EN/TXT/PDF/?uri=CELEX:31993D0406&from=EN;
1992;Cases IV/31.533 and IV/34.072;http://eur-lex.europa.eu/legal-content/EN/TXT/PDF/?uri=CELEX:31993D0405&from=EN;
1992;IV/33.151 - ' Jahrhundertvertrag' ;http://eur-lex.europa.eu/legal-content/EN/TXT/PDF/?uri=CELEX:31993D0126&from=EN;
1992;IV/33.031 - Fiat/Hitachi;http://eur-lex.europa.eu/legal-content/EN/TXT/PDF/?uri=CELEX:31993D0048&from=EN;
1992;EEC;http://eur-lex.europa.eu/legal-content/EN/TXT/PDF/?uri=CELEX:31993D0047&from=EN;
1992;IV/31.400 - Ford Agricultural;http://eur-lex.europa.eu/legal-content/EN/TXT/PDF/?uri=CELEX:31993D0046&from=EN;
1992;Only the English text is authentic;http://eur-lex.europa.eu/legal-content/EN/TXT/PDF/?uri=CELEX:31993D0003&from=EN;
1992;Cases No IV/33.440 Warner- Lambert/Gillette and Others and No IV/33.486 BIC/Gillette and Others;http://eur-lex.europa.eu/legal-content/EN/TXT/PDF/?uri=CELEX:31993D0252&from=EN;
1992;IV/33.384 and IV/33.378 - Distribution of package tours during the 1990 World Cup;http://eur-lex.europa.eu/legal-content/EN/TXT/PDF/?uri=CELEX:31992D0521&from=EN;
1992;1;http://eur-lex.europa.eu/legal-content/EN/TXT/PDF/?uri=CELEX:31992D0500&from=EN;
1993;IV/29.420 - Grundig's EC distribution system;http://eur-lex.europa.eu/legal-content/EN/TXT/PDF/?uri=CELEX:31994D0029&from=EN;
1993;IV/34.689 - Sea Containers v. Stena Sealink - Interim measures;http://eur-lex.europa.eu/legal-content/EN/TXT/PDF/?uri=CELEX:31994D0019&from=EN;
1993;IV/32031 - Auditel;http://eur-lex.europa.eu/legal-content/EN/TXT/PDF/?uri=CELEX:31993D0668&from=EN;
1993;IV/33.407 - CNSD;http://eur-lex.europa.eu/legal-content/EN/TXT/PDF/?uri=CELEX:31993D0438&from=EN;
1993;Only the German and Italian texts are authentic;http://eur-lex.europa.eu/legal-content/EN/TXT/PDF/?uri=CELEX:31993D0554&from=EN;
1993;IV/34.494 - Tariff structures in the combined transport of goods;http://eur-lex.europa.eu/legal-content/EN/TXT/PDF/?uri=CELEX:31993D0354&from=EN;
1993;IV/32.150 - EBU/Eurovision System;http://eur-lex.europa.eu/legal-content/EN/TXT/PDF/?uri=CELEX:31993D0403&from=EN;
1993;IV/34.494 - Tariff structures in the combined transport of goods;http://eur-lex.europa.eu/legal-content/EN/TXT/PDF/?uri=CELEX:31993D0174&from=EN;
1994;IV/33.218 - Far Eastern Freight Conference;http://eur-lex.europa.eu/legal-content/EN/TXT/PDF/?uri=CELEX:31994D0985&from=EN;
1994;IV/34.252 - Philips-Osram;http://eur-lex.europa.eu/legal-content/EN/TXT/PDF/?uri=CELEX:31994D0986&from=EN;
1994;IV/32.948 - IV/34.590: Tretorn and others;http://eur-lex.europa.eu/legal-content/EN/TXT/PDF/?uri=CELEX:31994D0987&from=EN;
1994;IV/33.863 - Asahi/Saint-Gobain;http://eur-lex.europa.eu/legal-content/EN/TXT/PDF/?uri=CELEX:31994D0896&from=EN;
1994;IV/34.768 - International Private Satellite Partners;http://eur-lex.europa.eu/legal-content/EN/TXT/PDF/?uri=CELEX:31994D0895&from=EN;
1994;IV/32.490 - Eurotunnel;http://eur-lex.europa.eu/legal-content/EN/TXT/PDF/?uri=CELEX:31994D0894&from=EN;
1994;Case No IV/34.891 - Fujitsu AMD Semiconductor;http://eur-lex.europa.eu/legal-content/EN/TXT/PDF/?uri=CELEX:31994D0823&from=EN;
1994;Cases IV/33.126 and 33.322 - Cement;http://eur-lex.europa.eu/legal-content/EN/TXT/PDF/?uri=CELEX:31994D0815&from=EN;
1994;IV/34.410 - Olivetti-Digital;http://eur-lex.europa.eu/legal-content/EN/TXT/PDF/?uri=CELEX:31994D0771&from=EN;
1994;IV/34.446 - Trans-atlantic Agreement;http://eur-lex.europa.eu/legal-content/EN/TXT/PDF/?uri=CELEX:31994D0980&from=EN;
1994;Only the Dutch text is authentic;http://eur-lex.europa.eu/legal-content/EN/TXT/PDF/?uri=CELEX:31994D0735&from=EN;
1994;IV/34.776 - Pasteur Mérieux-Merck;http://eur-lex.europa.eu/legal-content/EN/TXT/PDF/?uri=CELEX:31994D0770&from=EN;
1994;IV/34.600 - Night Services;http://eur-lex.europa.eu/legal-content/EN/TXT/PDF/?uri=CELEX:31994D0663&from=EN;
1994;IV/34.518 - ACI;http://eur-lex.europa.eu/legal-content/EN/TXT/PDF/?uri=CELEX:31994D0594&from=EN;
1994;Case IV/34.857 - BT-MCI;http://eur-lex.europa.eu/legal-content/EN/TXT/PDF/?uri=CELEX:31994D0579&from=EN;
1994;IV/31.865 - PVC;http://eur-lex.europa.eu/legal-content/EN/TXT/PDF/?uri=CELEX:31994D0599&from=EN;
1994;IV/C/33.833 - Cartonboard;http://eur-lex.europa.eu/legal-content/EN/TXT/PDF/?uri=CELEX:31994D0601&from=EN;
1994;IV/32.075 - Bayer/BP Chemicals;http://eur-lex.europa.eu/legal-content/EN/TXT/PDF/?uri=CELEX:31994D0384&from=EN;
1994;IV/33.640 - Exxon/Shell;http://eur-lex.europa.eu/legal-content/EN/TXT/PDF/?uri=CELEX:31994D0322&from=EN;
1994;IV/34.456 - Stichting Baksteen;http://eur-lex.europa.eu/legal-content/EN/TXT/PDF/?uri=CELEX:31994D0296&from=EN;
1994;IV/B-2/34.179 - Stichting Certificatie Kraanverhuurbedrijf and the Federatie van Nederlandse Kraanverhuurbedrijven;http://eur-lex.europa.eu/legal-content/EN/TXT/PDF/?uri=CELEX:31994D0272&from=EN;
1994;IV/33.941 - HOV SVZ/MCN;http://eur-lex.europa.eu/legal-content/EN/TXT/PDF/?uri=CELEX:31994D0210&from=EN;
1994;IV/30.525 - International Energy Agency;http://eur-lex.europa.eu/legal-content/EN/TXT/PDF/?uri=CELEX:31994D0153&from=EN;
1995;IV/34.179, 34.202, 216 - Stichting Certificatie Kraanverhuurbedrijf and the Federatie van Nederlandse Kraanverhuurbedrijven;http://eur-lex.europa.eu/legal-content/EN/TXT/PDF/?uri=CELEX:31995D0551&from=EN;
1995;Case IV/33.802 - BASF Lacke+Farben AG, and Accinauto SA;http://eur-lex.europa.eu/legal-content/EN/TXT/PDF/?uri=CELEX:31995D0477&from=EN;
1995;IV/33.375 - PMI-DSV;http://eur-lex.europa.eu/legal-content/EN/TXT/PDF/?uri=CELEX:31995D0373&from=EN;
1995;IV/33.686 - Coapi;http://eur-lex.europa.eu/legal-content/EN/TXT/PDF/?uri=CELEX:31995D0188&from=EN;
1996;Case IV/35.518 - Iridium;http://eur-lex.europa.eu/legal-content/EN/TXT/PDF/?uri=CELEX:31997D0039&from=EN;
1996;IV/35.679 - Novalliance/Systemform;http://eur-lex.europa.eu/legal-content/EN/TXT/PDF/?uri=CELEX:31997D0123&from=EN;
1996;IV/34.503 - Ferry operators - Currency surcharges;http://eur-lex.europa.eu/legal-content/EN/TXT/PDF/?uri=CELEX:31997D0084&from=EN;
1996;Case No IV/35.337 - Atlas;http://eur-lex.europa.eu/legal-content/EN/TXT/PDF/?uri=CELEX:31996D0546&from=EN;
1996;Case No IV/35.617 - Phoenix/GlobalOne;http://eur-lex.europa.eu/legal-content/EN/TXT/PDF/?uri=CELEX:31996D0547&from=EN;
1996;IV/34.607 - Banque Nationale de Paris - Dresdner Bank;http://eur-lex.europa.eu/legal-content/EN/TXT/PDF/?uri=CELEX:31996D0454&from=EN;
1996;IV/34.983 - Fenex;http://eur-lex.europa.eu/legal-content/EN/TXT/PDF/?uri=CELEX:31996D0438&from=EN;
1996;IV/35.545 - LH/SAS;http://eur-lex.europa.eu/legal-content/EN/TXT/PDF/?uri=CELEX:31996D0180&from=EN;
1996;Case IV/34.279/F3 - ADALAT;http://eur-lex.europa.eu/legal-content/EN/TXT/PDF/?uri=CELEX:31996D0478&from=EN;
1997;IV/34.621, 35.059/F-3 - Irish Sugar plc;http://eur-lex.europa.eu/legal-content/EN/TXT/PDF/?uri=CELEX:31997D0624&from=EN;
1998;IV/35.280 - Sicasov;http://eur-lex.europa.eu/legal-content/EN/TXT/PDF/?uri=CELEX:31999D0006&from=EN;
1998;Case No IV/35.134 - Trans-Atlantic Conference Agreement;http://eur-lex.europa.eu/legal-content/EN/TXT/PDF/?uri=CELEX:31999D0243&from=EN;
1998;Case IV/35.733 - VW;http://eur-lex.europa.eu/legal-content/EN/TXT/PDF/?uri=CELEX:31998D0273&from=EN;
